<?xml version="1.0" encoding="utf-8" standalone="no"?>
<!DOCTYPE dotfuscator SYSTEM "http://www.preemptive.com/dotfuscator/dtd/dotfuscator_v2.2.dtd">
<dotfuscator version="2.2">
  <!--This is application generated code. Do not edit manually.-->
  <global />
  <input>
    <asmlist>
      <inputassembly>
        <option>honoroas</option>
        <option>stripoa</option>
        <file dir="C:\Users\kevin.KEVINHOME\Documents\LiveSwitch\TextControl\TextControl\bin\Trial" name="LiveSwitch.TextControl.exe" />
      </inputassembly>
    </asmlist>
  </input>
  <output>
    <file dir="${configdir}\DotfuscatedTrail" />
  </output>
  <renaming>
    <option>xmlserialization</option>
    <mapping>
      <mapoutput overwrite="false">
        <file dir="${configdir}\Dotfuscated" name="Map.xml" />
      </mapoutput>
    </mapping>
    <referencerulelist>
      <referencerule rulekey="{7D9C8B02-2383-420f-8740-A9760394C2C1}" />
      <referencerule rulekey="{6655B10A-FD58-462d-8D4F-5B1316DFF0FF}" />
      <referencerule rulekey="{2B7E7C8C-A39A-4db8-9DFC-6AFD38509061}" />
      <referencerule rulekey="{89769974-93E9-4e71-8D92-BE70E855ACFC}" />
      <referencerule rulekey="{229FD6F8-5BCC-427b-8F72-A7A413ECDF1A}" />
    </referencerulelist>
  </renaming>
  <sos mergeruntime="true">
    <option>disable</option>
    <option>dontsendtamper</option>
  </sos>
  <smartobfuscation>
    <option>disable</option>
    <smartobfuscationreport verbosity="all" overwrite="false" />
  </smartobfuscation>
</dotfuscator>